"","a","b"
"1","Caffeine","CYP1A2"
"2","Hydrogen Ion","CYP1A2"
"3","Oxygen","CYP1A2"
"4","NADPH","CYP1A2"
"5","Water","CYP1A2"
"6","Paraxanthine","CYP1A2"
"7","NADP","CYP1A2"
"8","Formaldehyde","CYP1A2"
"9","4-Aminobiphenyl","CYP1A2"
"10","N-Hydroxy-4-aminobiphenyl","CYP1A2"
"11","Butyric acid","ACSM3"
"12","Adenosine triphosphate","ACSM3"
"13","Pyrophosphate","ACSM3"
"14","Adenosine monophosphate","ACSM3"
"15","Butyryl-CoA","ACSM3"
"16","FAD","ACADS"
"17","Butyryl-CoA","ACADS"
"18","Crotonoyl-CoA","ACADS"
"19","FADH","ACADS"
"20","Water","ECHS1"
"21","Crotonoyl-CoA","ECHS1"
"22","3HB-CoA","ECHS1"
"23","3HB-CoA","HADH"
"24","NAD","HADH"
"25","Acetoacetyl-CoA","HADH"
"26","Hydrogen Ion","HADH"
"27","NADH","HADH"
"28","FAD","ACADM"
"29","Decanoyl-CoA (n-C10:0CoA)","ACADM"
"30","FADH","ACADM"
"31","(2E)-Decenoyl-CoA","ACADM"
"32","NADPH","MECR"
"33","(2E)-Decenoyl-CoA","MECR"
"34","Hydrogen Ion","MECR"
"35","NADP","MECR"
"36","Decanoyl-CoA (n-C10:0CoA)","MECR"
"37","(2E)-Decenoyl-CoA","ECHS1"
"38","(S)-Hydroxydecanoyl-CoA","ECHS1"
"39","(S)-Hydroxydecanoyl-CoA","HADH"
"40","3-Oxodecanoyl-CoA","HADH"
"41","Coenzyme A","HADHA"
"42","3-Oxodecanoyl-CoA","HADHA"
"43","Octanoyl-CoA","HADHA"
"44","Acetyl-CoA","HADHA"
"45","Coenzyme A","HADHB"
"46","3-Oxodecanoyl-CoA","HADHB"
"47","Octanoyl-CoA","HADHB"
"48","Acetyl-CoA","HADHB"
"49","Hexanoyl-CoA","ACADS"
"50","trans-2-Hexenoyl-CoA","ACADS"
"51","trans-2-Hexenoyl-CoA","ECHS1"
"52","(S)-Hydroxyhexanoyl-CoA","ECHS1"
"53","(S)-Hydroxyhexanoyl-CoA","HADH"
"54","3-Oxohexanoyl-CoA","HADH"
"55","3-Oxohexanoyl-CoA","HADHA"
"56","Butyryl-CoA","HADHA"
"57","3-Oxohexanoyl-CoA","HADHB"
"58","Butyryl-CoA","HADHB"
"59","Lauroyl-CoA","ACADL"
"60","FAD","ACADL"
"61","FADH","ACADL"
"62","(2E)-Dodecenoyl-CoA","ACADL"
"63","(2E)-Dodecenoyl-CoA","ECHS1"
"64","(S)-3-Hydroxydodecanoyl-CoA","ECHS1"
"65","(S)-3-Hydroxydodecanoyl-CoA","HADH"
"66","3-Oxododecanoyl-CoA","HADH"
"67","3-Oxododecanoyl-CoA","HADHA"
"68","Decanoyl-CoA (n-C10:0CoA)","HADHA"
"69","3-Oxododecanoyl-CoA","HADHB"
"70","Decanoyl-CoA (n-C10:0CoA)","HADHB"
"71","Tetradecanoyl-CoA","ACADL"
"72","(2E)-Tetradecenoyl-CoA","ACADL"
"73","(2E)-Tetradecenoyl-CoA","HADHA"
"74","Water","HADHA"
"75","(S)-3-Hydroxytetradecanoyl-CoA","HADHA"
"76","(2E)-Tetradecenoyl-CoA","HADHB"
"77","Water","HADHB"
"78","(S)-3-Hydroxytetradecanoyl-CoA","HADHB"
"79","NAD","HADHA"
"80","NADH","HADHA"
"81","3-Oxotetradecanoyl-CoA","HADHA"
"82","Hydrogen Ion","HADHA"
"83","NAD","HADHB"
"84","NADH","HADHB"
"85","3-Oxotetradecanoyl-CoA","HADHB"
"86","Hydrogen Ion","HADHB"
"87","Lauroyl-CoA","HADHA"
"88","Lauroyl-CoA","HADHB"
"89","Octanoyl-CoA","ACADM"
"90","(2E)-Octenoyl-CoA","ACADM"
"91","(2E)-Octenoyl-CoA","ECHS1"
"92","(S)-Hydroxyoctanoyl-CoA","ECHS1"
"93","(S)-Hydroxyoctanoyl-CoA","HADH"
"94","3-Oxooctanoyl-CoA","HADH"
"95","3-Oxooctanoyl-CoA","HADHA"
"96","Hexanoyl-CoA","HADHA"
"97","3-Oxooctanoyl-CoA","HADHB"
"98","Hexanoyl-CoA","HADHB"
"99","FAD","ACADVL"
"100","Palmityl-CoA","ACADVL"
"101","FADH","ACADVL"
"102","(2E)-Hexadecenoyl-CoA","ACADVL"
"103","(2E)-Hexadecenoyl-CoA","HADHA"
"104","(S)-3-Hydroxyhexadecanoyl-CoA","HADHA"
"105","(2E)-Hexadecenoyl-CoA","HADHB"
"106","(S)-3-Hydroxyhexadecanoyl-CoA","HADHB"
"107","3-Oxohexadecanoyl-CoA","HADHA"
"108","3-Oxohexadecanoyl-CoA","HADHB"
"109","Tetradecanoyl-CoA","HADHA"
"110","Tetradecanoyl-CoA","HADHB"
"111","Oxygen","ALOX5"
"112","Oxygen","ALOX12"
"113","NADP","ALOX12"
"114","NADPH","ALOX12"
"115","Oxygen","ALOX15"
"116","NADP","ALOX5"
"117","NADPH","ALOX5"
"118","Glutathione","GSTM4"
"119","Glutathione","LTC4S"
"120","Oxygen","CYP2C8"
"121","Hydrogen Ion","CYP2C8"
"122","NADPH","CYP2C8"
"123","NADP","CYP2C8"
"124","Water","CYP2C8"
"125","Oxygen","CYP2C9"
"126","Hydrogen Ion","CYP2C9"
"127","NADPH","CYP2C9"
"128","NADP","CYP2C9"
"129","Water","CYP2C9"
"130","Oxygen","CYP2D6"
"131","Hydrogen Ion","CYP2D6"
"132","NADPH","CYP2D6"
"133","NADP","CYP2D6"
"134","Water","CYP2D6"
"135","Oxygen","CYP2E1"
"136","Hydrogen Ion","CYP2E1"
"137","NADPH","CYP2E1"
"138","NADP","CYP2E1"
"139","Water","CYP2E1"
"140","Oxygen","CYP3A4"
"141","Hydrogen Ion","CYP3A4"
"142","NADPH","CYP3A4"
"143","NADP","CYP3A4"
"144","Water","CYP3A4"
"145","Acetaminophen","CYP2E1"
"146","Hydrogen","CYP2E1"
"147","Benzene","CYP2E1"
"148","Phenol","CYP2E1"
"149","Carbon tetrachloride","CYP2E1"
"150","Cl-","CYP2E1"
"151","Halothane","CYP2E1"
"152","Ethanol","CYP2E1"
"153","Acetaldehyde","CYP2E1"
"154","Vinyl chloride","CYP2E1"
"155","Coenzyme A","ACSM2B"
"156","Adenosine triphosphate","ACSM2B"
"157","Benzoic acid","ACSM2B"
"158","Pyrophosphate","ACSM2B"
"159","Adenosine monophosphate","ACSM2B"
"160","Benzoyl-CoA","ACSM2B"
"161","Coenzyme A","ACSM1"
"162","Adenosine triphosphate","ACSM1"
"163","Benzoic acid","ACSM1"
"164","Pyrophosphate","ACSM1"
"165","Adenosine monophosphate","ACSM1"
"166","Benzoyl-CoA","ACSM1"
"167","Glycine","GLYAT"
"168","Benzoyl-CoA","GLYAT"
"169","Hippuric acid","GLYAT"
"170","Coenzyme A","GLYAT"
"171","Salicylic acid","ACSM2B"
"172","Salicyluric acid","GLYAT"
"173","Oxygen","CYP8B1"
"174","NADPH","CYP8B1"
"175","Hydrogen Ion","CYP8B1"
"176","NADP","CYP8B1"
"177","Water","CYP8B1"
"178","7a-Hydroxy-cholestene-3-one","CYP8B1"
"179","7a_12a-Dihydroxy-cholestene-3-one","CYP8B1"
"180","Oxygen","CYP46A1"
"181","Hydrogen Ion","CYP46A1"
"182","Cholesterol","CYP46A1"
"183","NADPH","CYP46A1"
"184","NADP","CYP46A1"
"185","24-Hydroxycholesterol","CYP46A1"
"186","Water","CYP46A1"
"187","24-Hydroxycholesterol","CYP39A1"
"188","NADPH","CYP39A1"
"189","Hydrogen Ion","CYP39A1"
"190","Oxygen","CYP39A1"
"191","Water","CYP39A1"
"192","NADP","CYP39A1"
"193","NAD","HSD3B7"
"194","NADH","HSD3B7"
"195","Hydrogen Ion","HSD3B7"
"196","Hydrogen Ion","AKR1D1"
"197","NADPH","AKR1D1"
"198","NADP","AKR1D1"
"199","Hydrogen Ion","AKR1C4"
"200","NADPH","AKR1C4"
"201","NADP","AKR1C4"
"202","Hydrogen Ion","CYP27A1"
"203","Oxygen","CYP27A1"
"204","NADPH","CYP27A1"
"205","NADP","CYP27A1"
"206","Water","CYP27A1"
"207","Coenzyme A","SLC27A5"
"208","Adenosine triphosphate","SLC27A5"
"209","Pyrophosphate","SLC27A5"
"210","Adenosine monophosphate","SLC27A5"
"211","Water","SLC27A5"
"212","Coenzyme A","SLC27A2"
"213","Adenosine triphosphate","SLC27A2"
"214","Pyrophosphate","SLC27A2"
"215","Water","SLC27A2"
"216","Adenosine monophosphate","SLC27A2"
"217","Cholesterol","CYP27A1"
"218","27-Hydroxycholesterol","CYP27A1"
"219","NADPH","CYP7B1"
"220","27-Hydroxycholesterol","CYP7B1"
"221","Hydrogen Ion","CYP7B1"
"222","Oxygen","CYP7B1"
"223","Water","CYP7B1"
"224","NADP","CYP7B1"
"225","NADPH","RXRA"
"226","27-Hydroxycholesterol","RXRA"
"227","Hydrogen Ion","RXRA"
"228","Oxygen","RXRA"
"229","Water","RXRA"
"230","NADP","RXRA"
"231","NADPH","NR1H4"
"232","27-Hydroxycholesterol","NR1H4"
"233","Hydrogen Ion","NR1H4"
"234","Oxygen","NR1H4"
"235","Water","NR1H4"
"236","NADP","NR1H4"
"237","NADPH","NCOA1"
"238","27-Hydroxycholesterol","NCOA1"
"239","Hydrogen Ion","NCOA1"
"240","Oxygen","NCOA1"
"241","Water","NCOA1"
"242","NADP","NCOA1"
"243","NADPH","NCOA2"
"244","27-Hydroxycholesterol","NCOA2"
"245","Hydrogen Ion","NCOA2"
"246","Oxygen","NCOA2"
"247","Water","NCOA2"
"248","NADP","NCOA2"
"249","Cholesterol","CYP7A1"
"250","NADPH","CYP7A1"
"251","Oxygen","CYP7A1"
"252","Hydrogen Ion","CYP7A1"
"253","Water","CYP7A1"
"254","7a-Hydroxycholesterol","CYP7A1"
"255","NADP","CYP7A1"
"256","Cholesterol","RXRA"
"257","7a-Hydroxycholesterol","RXRA"
"258","Cholesterol","NR1H4"
"259","7a-Hydroxycholesterol","NR1H4"
"260","Cholesterol","NCOA1"
"261","7a-Hydroxycholesterol","NCOA1"
"262","Cholesterol","NCOA2"
"263","7a-Hydroxycholesterol","NCOA2"
"264","7a-Hydroxycholesterol","HSD3B7"
"265","7a-Hydroxy-cholestene-3-one","HSD3B7"
"266","7a_12a-Dihydroxy-cholestene-3-one","AKR1D1"
"267","7a_12a-Dihydroxy-5b-cholestan-3-one","AKR1D1"
"268","7a-Hydroxy-cholestene-3-one","AKR1D1"
"269","7a-Hydroxy-5b-cholestan-3-one","AKR1D1"
"270","7a_12a-Dihydroxy-5b-cholestan-3-one","AKR1C4"
"271","7a-Hydroxy-5b-cholestan-3-one","AKR1C4"
"272","27-Deoxy-5b-cyprinol","CYP27A1"
"273","3a_7a_12a-Trihydroxy-5b-cholestan-26-al","CYP27A1"
"274","3a_7a_12a-Trihydroxy-5b-cholestanoic acid","CYP27A1"
"275","3a_7a_12a-Trihydroxy-5b-cholestanoic acid","SLC27A2"
"276","25(R) THCA-CoA","SLC27A2"
"277","3a_7a_12a-Trihydroxy-5b-cholestanoic acid","SLC27A5"
"278","25(R) THCA-CoA","SLC27A5"
"279","25(R) THCA-CoA","AMACR"
"280","25(S) THCA-CoA","AMACR"
"281","Oxygen","ACOX2"
"282","25(S) THCA-CoA","ACOX2"
"283","3a_7a_12a-Trihydroxy-5b-cholest-24-enoyl-CoA","ACOX2"
"284","Hydrogen peroxide","ACOX2"
"285","3a_7a_12a-Trihydroxy-5b-cholest-24-enoyl-CoA","HSD17B4"
"286","NAD","HSD17B4"
"287","3a_7a_12a-Trihydroxy-5b-24-oxocholestanoyl-CoA","HSD17B4"
"288","Hydrogen Ion","HSD17B4"
"289","NADH","HSD17B4"
"290","Coenzyme A","SCP2"
"291","3a_7a_12a-Trihydroxy-5b-24-oxocholestanoyl-CoA","SCP2"
"292","Propionyl-CoA","SCP2"
"293","Coenzyme A","ACOT8"
"294","Glycine","BAAT"
"295","Taurine","BAAT"
"296","Coenzyme A","BAAT"
"297","Glycocholic acid","BAAT"
"298","Taurocholic acid","BAAT"
"299","Chenodeoxycholic acid glycine conjugate","BAAT"
"300","taurochenodeoxycholate","BAAT"
"301","Glycocholic acid","ABCB11"
"302","Chenodeoxycholic acid glycine conjugate","ABCB11"
"303","Taurocholic acid","ABCB11"
"304","taurochenodeoxycholate","ABCB11"
"305","Adenosine triphosphate","ABCB11"
"306","Water","ABCB11"
"307","Phosphate","ABCB11"
"308","ADP","ABCB11"
"309","Uridine diphosphategalactose","B4GALT7"
"310","Uridine diphosphategalactose","B3GALT6"
"311","Uridine diphosphate glucuronic acid","B3GAT1"
"312","Uridine diphosphate glucuronic acid","B3GAT2"
"313","Uridine diphosphate glucuronic acid","B3GAT3"
"314","Water","PLA2G6"
"315","Carboxylate","PLA2G6"
"316","Monolysocardiolipin","PLA2G6"
"317","Monolysocardiolipin","TAZ"
"318","PC(16:0/16:0)","TAZ"
"319","1-Acyl-sn-glycero-3-phosphoethanolamine","TAZ"
"320","Monolysocardiolipin","HADHA"
"321","Monolysocardiolipin","HADHB"
"322","Monolysocardiolipin","LCLAT1"
"323","Coenzyme A","LCLAT1"
"324","Monolysocardiolipin","PLA2G4A"
"325","Water","PLA2G4A"
"326","Carboxylate","PLA2G4A"
"327","Water","PNPLA2"
"328","DG(16:0/16:0/0:0)","PNPLA2"
"329","Carboxylate","PNPLA2"
"330","Water","PNPLA3"
"331","DG(16:0/16:0/0:0)","PNPLA3"
"332","Carboxylate","PNPLA3"
"333","DG(16:0/16:0/0:0)","DGAT2L6"
"334","Coenzyme A","DGAT2L6"
"335","DG(16:0/16:0/0:0)","DGAT2L7P"
"336","Coenzyme A","DGAT2L7P"
"337","DG(16:0/16:0/0:0)","DGAT1"
"338","Coenzyme A","DGAT1"
"339","DG(16:0/16:0/0:0)","DGAT2"
"340","Coenzyme A","DGAT2"
"341","DG(16:0/16:0/0:0)","AWAT2"
"342","Coenzyme A","AWAT2"
"343","Glycerol","PNPLA2"
"344","Glycerol","PNPLA3"
"345","Water","MGLL"
"346","Glycerol","MGLL"
"347","Fatty acid","MGLL"
"348","PC(16:0/16:0)","PLA2G4A"
"349","PC(16:0/16:0)","PLA2G4B"
"350","Water","PLA2G4B"
"351","Carboxylate","PLA2G4B"
"352","PC(16:0/16:0)","PLA2G4D"
"353","Water","PLA2G4D"
"354","Carboxylate","PLA2G4D"
"355","PC(16:0/16:0)","PLA2G4F"
"356","Water","PLA2G4F"
"357","Carboxylate","PLA2G4F"
"358","PC(16:0/16:0)","PLA2G6"
"359","PC(16:0/16:0)","PLAAT3"
"360","Water","PLAAT3"
"361","Carboxylate","PLAAT3"
"362","PC(16:0/16:0)","PLBD1"
"363","Water","PLBD1"
"364","Carboxylate","PLBD1"
"365","PC(16:0/16:0)","PLA2G4C"
"366","Water","PLA2G4C"
"367","Carboxylate","PLA2G4C"
"368","PC(16:0/16:0)","PNPLA8"
"369","Water","PNPLA8"
"370","Carboxylate","PNPLA8"
"371","PC(16:0/16:0)","PLA2G2A"
"372","Water","PLA2G2A"
"373","Carboxylate","PLA2G2A"
"374","Coenzyme A","LPCAT1"
"375","PC(16:0/16:0)","LPCAT1"
"376","Coenzyme A","LPCAT2"
"377","PC(16:0/16:0)","LPCAT2"
"378","Coenzyme A","LPCAT3"
"379","PC(16:0/16:0)","LPCAT3"
"380","Coenzyme A","LPCAT4"
"381","PC(16:0/16:0)","LPCAT4"
"382","Coenzyme A","MBOAT2"
"383","PC(16:0/16:0)","MBOAT2"
"384","PC(16:0/16:0)","PLA2G4E"
"385","Water","PLA2G4E"
"386","Carboxylate","PLA2G4E"
"387","Water","PLA2G1B"
"388","PC(16:0/16:0)","PLA2G1B"
"389","Carboxylate","PLA2G1B"
"390","Water","PLA2G2D"
"391","PC(16:0/16:0)","PLA2G2D"
"392","Carboxylate","PLA2G2D"
"393","Water","PLA2G2E"
"394","PC(16:0/16:0)","PLA2G2E"
"395","Carboxylate","PLA2G2E"
"396","Water","PLA2G2F"
"397","PC(16:0/16:0)","PLA2G2F"
"398","Carboxylate","PLA2G2F"
"399","Water","PLA2G3"
"400","PC(16:0/16:0)","PLA2G3"
"401","Carboxylate","PLA2G3"
"402","Water","PLA2G5"
"403","PC(16:0/16:0)","PLA2G5"
"404","Carboxylate","PLA2G5"
"405","Water","PLA2G10"
"406","PC(16:0/16:0)","PLA2G10"
"407","Carboxylate","PLA2G10"
"408","Water","PLA2G12A"
"409","PC(16:0/16:0)","PLA2G12A"
"410","Carboxylate","PLA2G12A"
"411","Water","PLA2R1"
"412","PC(16:0/16:0)","PLA2R1"
"413","Carboxylate","PLA2R1"
"414","PC(16:0/16:0)","PLB1"
"415","Water","PLB1"
"416","Carboxylate","PLB1"
"417","Water","TMEM86B"
"418","1-Acyl-sn-glycero-3-phosphoethanolamine","PLA2G4A"
"419","1-Acyl-sn-glycero-3-phosphoethanolamine","PLA2G4B"
"420","1-Acyl-sn-glycero-3-phosphoethanolamine","PLA2G4D"
"421","1-Acyl-sn-glycero-3-phosphoethanolamine","PLA2G4E"
"422","1-Acyl-sn-glycero-3-phosphoethanolamine","PLA2G4F"
"423","1-Acyl-sn-glycero-3-phosphoethanolamine","PLA2G6"
"424","1-Acyl-sn-glycero-3-phosphoethanolamine","PLAAT3"
"425","1-Acyl-sn-glycero-3-phosphoethanolamine","PLBD1"
"426","1-Acyl-sn-glycero-3-phosphoethanolamine","PNPLA8"
"427","1-Acyl-sn-glycero-3-phosphoethanolamine","PLA2G2A"
"428","1-Acyl-sn-glycero-3-phosphoethanolamine","MBOAT1"
"429","Coenzyme A","MBOAT1"
"430","1-Acyl-sn-glycero-3-phosphoethanolamine","MBOAT2"
"431","1-Acyl-sn-glycero-3-phosphoethanolamine","LPCAT3"
"432","1-Acyl-sn-glycero-3-phosphoethanolamine","LPCAT4"
"433","2-Acyl-sn-glycero-3-phosphoethanolamine","PLA2G4A"
"434","2-Acyl-sn-glycero-3-phosphoethanolamine","PLA2G4D"
"435","2-Acyl-sn-glycero-3-phosphoethanolamine","PLA2G4E"
"436","2-Acyl-sn-glycero-3-phosphoethanolamine","PLA2G4F"
"437","2-Acyl-sn-glycero-3-phosphoethanolamine","PLA2G4C"
"438","2-Acyl-sn-glycero-3-phosphoethanolamine","MBOAT1"
"439","2-Acyl-sn-glycero-3-phosphoethanolamine","MBOAT2"
"440","2-Acyl-sn-glycero-3-phosphoethanolamine","LPCAT3"
"441","2-Acyl-sn-glycero-3-phosphoethanolamine","LPCAT4"
"442","1-Acyl-sn-glycero-3-phosphoethanolamine","PLA2G1B"
"443","1-Acyl-sn-glycero-3-phosphoethanolamine","PLA2G2D"
"444","1-Acyl-sn-glycero-3-phosphoethanolamine","PLA2G2E"
"445","1-Acyl-sn-glycero-3-phosphoethanolamine","PLA2G2F"
"446","1-Acyl-sn-glycero-3-phosphoethanolamine","PLA2G3"
"447","1-Acyl-sn-glycero-3-phosphoethanolamine","PLA2G5"
"448","1-Acyl-sn-glycero-3-phosphoethanolamine","PLA2G10"
"449","1-Acyl-sn-glycero-3-phosphoethanolamine","PLA2G12A"
"450","1-Acyl-sn-glycero-3-phosphoethanolamine","PLA2R1"
"451","PC(16:0/16:0)","PLAAT2"
"452","PC(16:0/16:0)","PLAAT4"
"453","Water","ABHD4"
"454","1-Acyl-sn-glycero-3-phosphoglycerol","PLA2G4A"
"455","1-Acyl-sn-glycero-3-phosphoglycerol","PLA2G4B"
"456","1-Acyl-sn-glycero-3-phosphoglycerol","PLA2G4D"
"457","1-Acyl-sn-glycero-3-phosphoglycerol","PLA2G2F"
"458","1-Acyl-sn-glycero-3-phosphoglycerol","PLA2G2A"
"459","1-Acyl-sn-glycero-3-phosphoglycerol","LPCAT1"
"460","1-Acyl-sn-glycero-3-phosphoglycerol","LPCAT4"
"461","1-Acyl-sn-glycero-3-phosphoglycerol","LPGAT1"
"462","Coenzyme A","LPGAT1"
"463","1-Acyl-sn-glycero-3-phosphoglycerol","CRLS1"
"464","Coenzyme A","CRLS1"
"465","1-Acyl-sn-glycero-3-phosphoglycerol","PLA2G1B"
"466","1-Acyl-sn-glycero-3-phosphoglycerol","PLA2G2D"
"467","1-Acyl-sn-glycero-3-phosphoglycerol","PLA2G2E"
"468","1-Acyl-sn-glycero-3-phosphoglycerol","PLA2G3"
"469","1-Acyl-sn-glycero-3-phosphoglycerol","PLA2G5"
"470","1-Acyl-sn-glycero-3-phosphoglycerol","PLA2G10"
"471","1-Acyl-sn-glycero-3-phosphoglycerol","PLA2G12A"
"472","1-Acyl-sn-glycero-3-phosphoglycerol","PLA2R1"
"473","1-Phosphatidyl-D-myo-inositol","PLA2G4A"
"474","1-Acylglycerophosphoinositol","PLA2G4A"
"475","1-Phosphatidyl-D-myo-inositol","PLA2G4D"
"476","1-Acylglycerophosphoinositol","PLA2G4D"
"477","1-Phosphatidyl-D-myo-inositol","PLA2G4F"
"478","1-Acylglycerophosphoinositol","PLA2G4F"
"479","1-Phosphatidyl-D-myo-inositol","PLAAT3"
"480","1-Acylglycerophosphoinositol","PLAAT3"
"481","1-Phosphatidyl-D-myo-inositol","PLBD1"
"482","1-Acylglycerophosphoinositol","PLBD1"
"483","1-Phosphatidyl-D-myo-inositol","PLA2G4C"
"484","1-Acylglycerophosphoinositol","PLA2G4C"
"485","1-Phosphatidyl-D-myo-inositol","PLA2G2A"
"486","1-Acylglycerophosphoinositol","PLA2G2A"
"487","1-Acylglycerophosphoinositol","MBOAT7"
"488","Coenzyme A","MBOAT7"
"489","1-Phosphatidyl-D-myo-inositol","MBOAT7"
"490","1-Phosphatidyl-D-myo-inositol","PLA2G4E"
"491","1-Phosphatidyl-D-myo-inositol","PLA2G1B"
"492","1-Acylglycerophosphoinositol","PLA2G1B"
"493","1-Phosphatidyl-D-myo-inositol","PLA2G2D"
"494","1-Acylglycerophosphoinositol","PLA2G2D"
"495","1-Phosphatidyl-D-myo-inositol","PLA2G2E"
"496","1-Acylglycerophosphoinositol","PLA2G2E"
"497","1-Phosphatidyl-D-myo-inositol","PLA2G2F"
"498","1-Acylglycerophosphoinositol","PLA2G2F"
"499","1-Phosphatidyl-D-myo-inositol","PLA2G5"
"500","1-Acylglycerophosphoinositol","PLA2G5"
"501","1-Phosphatidyl-D-myo-inositol","PLA2G10"
"502","1-Acylglycerophosphoinositol","PLA2G10"
"503","1-Phosphatidyl-D-myo-inositol","PLA2G12A"
"504","1-Acylglycerophosphoinositol","PLA2G12A"
"505","1-Phosphatidyl-D-myo-inositol","PLA2R1"
"506","1-Acylglycerophosphoinositol","PLA2R1"
"507","1-acyl-sn-glycero-3-phosphoserine","PLA2G4A"
"508","1-acyl-sn-glycero-3-phosphoserine","PLA2G4B"
"509","1-acyl-sn-glycero-3-phosphoserine","PLA2G4D"
"510","1-acyl-sn-glycero-3-phosphoserine","PLA2G4E"
"511","1-acyl-sn-glycero-3-phosphoserine","PLA2G4F"
"512","1-acyl-sn-glycero-3-phosphoserine","PLAAT3"
"513","1-acyl-sn-glycero-3-phosphoserine","PLA2G2A"
"514","1-acyl-sn-glycero-3-phosphoserine","LPCAT3"
"515","1-acyl-sn-glycero-3-phosphoserine","LPCAT4"
"516","1-acyl-sn-glycero-3-phosphoserine","MBOAT1"
"517","2-Acyl-sn-glycero-3-phosphoserine","PLA2G4A"
"518","2-Acyl-sn-glycero-3-phosphoserine","PLA2G4D"
"519","2-Acyl-sn-glycero-3-phosphoserine","PLA2G4F"
"520","2-Acyl-sn-glycero-3-phosphoserine","LPCAT3"
"521","2-Acyl-sn-glycero-3-phosphoserine","LPCAT4"
"522","2-Acyl-sn-glycero-3-phosphoserine","MBOAT1"
"523","1-acyl-sn-glycero-3-phosphoserine","PLA2G1B"
"524","1-acyl-sn-glycero-3-phosphoserine","PLA2G2D"
"525","1-acyl-sn-glycero-3-phosphoserine","PLA2G2E"
"526","1-acyl-sn-glycero-3-phosphoserine","PLA2G2F"
"527","1-acyl-sn-glycero-3-phosphoserine","PLA2G5"
"528","1-acyl-sn-glycero-3-phosphoserine","PLA2G10"
"529","1-acyl-sn-glycero-3-phosphoserine","PLA2G12A"
"530","1-acyl-sn-glycero-3-phosphoserine","PLA2R1"
"531","Water","PLA1A"
"532","Carboxylate","PLA1A"
"533","2-Acyl-sn-glycero-3-phosphoserine","PLA1A"
"534","1-Phosphatidyl-1D-myo-inositol 4-phosphate","OSBPL10"
"535","1-Phosphatidyl-1D-myo-inositol 4-phosphate","OSBPL5"
"536","1-Phosphatidyl-1D-myo-inositol 4-phosphate","OSBPL8"
"537","Adenosine triphosphate","SLC25A17"
"538","Adenosine monophosphate","SLC25A17"
"539","NADPH","PECR"
"540","Hydrogen Ion","PECR"
"541","NADP","PECR"
"542","Oxygen","PHYH"
"543","Oxoglutaric acid","PHYH"
"544","Succinic acid","PHYH"
"545","Carbon dioxide","PHYH"
"546","NAD","ALDH3A2"
"547","NADH","ALDH3A2"
"548","Hydrogen Ion","ALDH3A2"
"549","Pregnenolone","CYP17A1"
"550","Oxygen","CYP17A1"
"551","Hydrogen Ion","CYP17A1"
"552","NADPH","CYP17A1"
"553","Water","CYP17A1"
"554","17a-Hydroxypregnenolone","CYP17A1"
"555","NADP","CYP17A1"
"556","Acetaldehyde","CYP17A1"
"557","17a-Hydroxypregnenolone","POMC"
"558","Oxygen","POMC"
"559","Hydrogen Ion","POMC"
"560","NADPH","POMC"
"561","Acetaldehyde","POMC"
"562","NADP","POMC"
"563","Water","POMC"
"564","NAD","HSD3B1"
"565","Hydrogen Ion","HSD3B1"
"566","Androstenedione","HSD3B1"
"567","NADH","HSD3B1"
"568","NAD","HSD3B2"
"569","Hydrogen Ion","HSD3B2"
"570","Androstenedione","HSD3B2"
"571","NADH","HSD3B2"
"572","NAD","POMC"
"573","Androstenedione","POMC"
"574","NADH","POMC"
"575","Progesterone","CYP17A1"
"576","17-Hydroxyprogesterone","CYP17A1"
"577","Androstenedione","CYP17A1"
"578","Androstenedione","HSD17B3"
"579","Hydrogen Ion","HSD17B3"
"580","NADPH","HSD17B3"
"581","NADP","HSD17B3"
"582","Testosterone","HSD17B3"
"583","Androstenedione","CGA"
"584","Hydrogen Ion","CGA"
"585","NADPH","CGA"
"586","NADP","CGA"
"587","Testosterone","CGA"
"588","Androstenedione","LHB"
"589","Hydrogen Ion","LHB"
"590","NADPH","LHB"
"591","NADP","LHB"
"592","Testosterone","LHB"
"593","Testosterone","POMC"
"594","NADPH","SRD5A1"
"595","Hydrogen Ion","SRD5A1"
"596","Testosterone","SRD5A1"
"597","NADP","SRD5A1"
"598","NADPH","SRD5A2"
"599","Hydrogen Ion","SRD5A2"
"600","Testosterone","SRD5A2"
"601","NADP","SRD5A2"
"602","NADPH","SRD5A3"
"603","Hydrogen Ion","SRD5A3"
"604","Testosterone","SRD5A3"
"605","NADP","SRD5A3"
"606","Oxygen","ACOXL"
"607","Hydrogen peroxide","ACOXL"
"608","Oxygen","ACOX3"
"609","Hydrogen peroxide","ACOX3"
"610","Carnitine","CROT"
"611","Coenzyme A","CROT"
"612","Acetyl-CoA","CRAT"
"613","Carnitine","CRAT"
"614","Coenzyme A","CRAT"
"615","Acetyl-CoA","ACOT8"
"616","Acetic acid","ACOT8"
"617","Propionyl-CoA","CRAT"
"618","Oxygen","ACOX1"
"619","Hydrogen peroxide","ACOX1"
"620","NAD","EHHADH"
"621","Hydrogen Ion","EHHADH"
"622","NADH","EHHADH"
"623","Coenzyme A","ACAA1"
"624","Acetyl-CoA","ACAA1"
"625","Acetyl-CoA","MLYCD"
"626","Carbon dioxide","MLYCD"
"627","NADPH","DECR2"
"628","Hydrogen Ion","DECR2"
"629","NADP","DECR2"
"630","Coenzyme A","ACOT4"
"631","Coenzyme A","ACOT6"
"632","Oxygen","MAOB"
"633","Water","MAOB"
"634","Tyramine","MAOB"
"635","Ammonia","MAOB"
"636","Hydrogen peroxide","MAOB"
"637","4-Hydroxyphenylacetaldehyde","MAOB"
"638","Oxygen","MAOA"
"639","Serotonin","MAOA"
"640","Water","MAOA"
"641","5-Hydroxyindoleacetaldehyde","MAOA"
"642","Ammonia","MAOA"
"643","Hydrogen peroxide","MAOA"
"644","Phenylethylamine","MAOB"
"645","Phenylacetaldehyde","MAOB"
"646","Glutathione","GPX4"
"647","Water","GPX4"
"648","Oxidized glutathione","GPX4"
"649","Water","LTA4H"
"650","NAD","HPGD"
"651","NADH","HPGD"
"652","Oxygen","PTGS2"
"653","Hydrogen Ion","EPHX2"
"654","Hydrogen Ion","CYP1A1"
"655","Oxygen","CYP1A1"
"656","NADPH","CYP1A1"
"657","NADP","CYP1A1"
"658","Water","CYP1A1"
"659","NADP","ALOX15"
"660","NADPH","ALOX15"
"661","Water","ARSB"
"662","Water","IDS"
"663","Water","HEXA"
"664","Water","HEXB"
"665","Water","IDUA"
"666","Water","HYAL1"
"667","Hydrogen Ion","SC5D"
"668","Oxygen","SC5D"
"669","NADPH","SC5D"
"670","7-Dehydrodesmosterol","SC5D"
"671","Water","SC5D"
"672","NADP","SC5D"
"673","Hydrogen Ion","DHCR7"
"674","NADPH","DHCR7"
"675","7-Dehydrodesmosterol","DHCR7"
"676","NADP","DHCR7"
"677","Hydrogen Ion","DHCR24"
"678","NADPH","DHCR24"
"679","NADP","DHCR24"
"680","Cholesterol","DHCR24"
"681","7-Dehydrocholesterol","SC5D"
"682","7-Dehydrocholesterol","DHCR7"
"683","Cholesterol","DHCR7"
"684","Uridine diphosphate glucuronic acid","CHPF"
"685","Uridine diphosphate glucuronic acid","CHPF2"
"686","Uridine diphosphate glucuronic acid","CHSY1"
"687","Uridine diphosphate glucuronic acid","CHSY3"
"688","Phosphoadenosine phosphosulfate","CHST11"
"689","Adenosine 3'_5'-diphosphate","CHST11"
"690","Phosphoadenosine phosphosulfate","CHST12"
"691","Adenosine 3'_5'-diphosphate","CHST12"
"692","Phosphoadenosine phosphosulfate","CHST13"
"693","Adenosine 3'_5'-diphosphate","CHST13"
"694","Phosphoadenosine phosphosulfate","CHST9"
"695","Adenosine 3'_5'-diphosphate","CHST9"
"696","Phosphoadenosine phosphosulfate","CHST15"
"697","Adenosine 3'_5'-diphosphate","CHST15"
"698","Phosphoadenosine phosphosulfate","CHST3"
"699","Adenosine 3'_5'-diphosphate","CHST3"
"700","Phosphoadenosine phosphosulfate","CHST7"
"701","Adenosine 3'_5'-diphosphate","CHST7"
"702","Pantothenic acid","PANK2"
"703","Adenosine triphosphate","PANK2"
"704","D-4'-Phosphopantothenate","PANK2"
"705","ADP","PANK2"
"706","Pantothenic acid","PANK1"
"707","Adenosine triphosphate","PANK1"
"708","D-4'-Phosphopantothenate","PANK1"
"709","ADP","PANK1"
"710","L-Cysteine","PPCS"
"711","Adenosine triphosphate","PPCS"
"712","D-4'-Phosphopantothenate","PPCS"
"713","4-Phosphopantothenoylcysteine","PPCS"
"714","Adenosine monophosphate","PPCS"
"715","Pyrophosphate","PPCS"
"716","4-Phosphopantothenoylcysteine","PPCDC"
"717","Pantetheine 4'-phosphate","PPCDC"
"718","Carbon dioxide","PPCDC"
"719","Adenosine triphosphate","COASY"
"720","Pantetheine 4'-phosphate","COASY"
"721","Dephospho-CoA","COASY"
"722","Pyrophosphate","COASY"
"723","ADP","COASY"
"724","Coenzyme A","COASY"
"725","Coenzyme A","SLC25A16"
"726","Phosphoadenosine phosphosulfate","UST"
"727","Adenosine 3'_5'-diphosphate","UST"
"728","Phosphoadenosine phosphosulfate","CHST14"
"729","Adenosine 3'_5'-diphosphate","CHST14"
"730","Leukotriene B4","CYP4F2"
"731","Oxygen","CYP4F2"
"732","Hydrogen Ion","CYP4F2"
"733","NADPH","CYP4F2"
"734","NADP","CYP4F2"
"735","Water","CYP4F2"
"736","Leukotriene B4","CYP4F3"
"737","Oxygen","CYP4F3"
"738","Hydrogen Ion","CYP4F3"
"739","NADPH","CYP4F3"
"740","NADP","CYP4F3"
"741","Water","CYP4F3"
"742","Prostaglandin H2","CYP4F8"
"743","Oxygen","CYP4F8"
"744","NADPH","CYP4F8"
"745","Hydrogen Ion","CYP4F8"
"746","Water","CYP4F8"
"747","NADP","CYP4F8"
"748","Prostaglandin H2","TBXAS1"
"749","Thromboxane A2","TBXAS1"
"750","Prostaglandin H2","PTGIS"
"751","Prostaglandin I2","PTGIS"
"752","Hydrogen Ion","CYP4F22"
"753","NADPH","CYP4F22"
"754","Oxygen","CYP4F22"
"755","Water","CYP4F22"
"756","NADP","CYP4F22"
"757","Hydrogen Ion","CYP1B1"
"758","Oxygen","CYP1B1"
"759","Estradiol","CYP1B1"
"760","NADPH","CYP1B1"
"761","NADP","CYP1B1"
"762","Water","CYP1B1"
"763","Hydrogen Ion","AHR"
"764","Oxygen","AHR"
"765","Estradiol","AHR"
"766","NADPH","AHR"
"767","NADP","AHR"
"768","Water","AHR"
"769","Hydrogen Ion","ARNT"
"770","Oxygen","ARNT"
"771","Estradiol","ARNT"
"772","NADPH","ARNT"
"773","NADP","ARNT"
"774","Water","ARNT"
"775","Hydrogen Ion","ARNT2"
"776","Oxygen","ARNT2"
"777","Estradiol","ARNT2"
"778","NADPH","ARNT2"
"779","NADP","ARNT2"
"780","Water","ARNT2"
"781","25-Hydroxycholesterol","CYP7B1"
"782","25-Hydroxycholesterol","RXRA"
"783","25-Hydroxycholesterol","NR1H4"
"784","25-Hydroxycholesterol","NCOA1"
"785","25-Hydroxycholesterol","NCOA2"
"786","NADPH","CYP11A1"
"787","Oxygen","CYP11A1"
"788","Hydrogen Ion","CYP11A1"
"789","20a_22b-Dihydroxycholesterol","CYP11A1"
"790","Pregnenolone","CYP11A1"
"791","NADP","CYP11A1"
"792","4-Methylpentanal","CYP11A1"
"793","Water","CYP11A1"
"794","NADPH","FDXR"
"795","Oxygen","FDXR"
"796","Hydrogen Ion","FDXR"
"797","20a_22b-Dihydroxycholesterol","FDXR"
"798","Pregnenolone","FDXR"
"799","NADP","FDXR"
"800","4-Methylpentanal","FDXR"
"801","Water","FDXR"
"802","NADPH","FDX1"
"803","Oxygen","FDX1"
"804","Hydrogen Ion","FDX1"
"805","20a_22b-Dihydroxycholesterol","FDX1"
"806","Pregnenolone","FDX1"
"807","NADP","FDX1"
"808","4-Methylpentanal","FDX1"
"809","Water","FDX1"
"810","NADPH","FDX2"
"811","Oxygen","FDX2"
"812","Hydrogen Ion","FDX2"
"813","20a_22b-Dihydroxycholesterol","FDX2"
"814","Pregnenolone","FDX2"
"815","NADP","FDX2"
"816","4-Methylpentanal","FDX2"
"817","Water","FDX2"
"818","Hydrogen Ion","CYP11B1"
"819","Oxygen","CYP11B1"
"820","NADPH","CYP11B1"
"821","Cortexolone","CYP11B1"
"822","NADP","CYP11B1"
"823","Water","CYP11B1"
"824","Cortexolone","POMC"
"825","Oxygen","CYP11B2"
"826","Hydrogen Ion","CYP11B2"
"827","NADPH","CYP11B2"
"828","Deoxycorticosterone","CYP11B2"
"829","Water","CYP11B2"
"830","NADP","CYP11B2"
"831","Corticosterone","CYP11B2"
"832","18-Hydroxycorticosterone","CYP11B2"
"833","Aldosterone","CYP11B2"
"834","Androstenedione","CYP19A1"
"835","Oxygen","CYP19A1"
"836","Hydrogen Ion","CYP19A1"
"837","NADPH","CYP19A1"
"838","Estrone","CYP19A1"
"839","NADP","CYP19A1"
"840","Water","CYP19A1"
"841","Formic acid","CYP19A1"
"842","NADPH","CYP21A2"
"843","Progesterone","CYP21A2"
"844","Hydrogen Ion","CYP21A2"
"845","Oxygen","CYP21A2"
"846","NADP","CYP21A2"
"847","Deoxycorticosterone","CYP21A2"
"848","Water","CYP21A2"
"849","Lanosterin","CYP51A1"
"850","NADPH","CYP51A1"
"851","Hydrogen Ion","CYP51A1"
"852","Oxygen","CYP51A1"
"853","Formic acid","CYP51A1"
"854","Water","CYP51A1"
"855","NADP","CYP51A1"
"856","NADPH","CYP4V2"
"857","Oxygen","CYP4V2"
"858","Hydrogen Ion","CYP4V2"
"859","NADP","CYP4V2"
"860","Water","CYP4V2"
"861","Testosterone","CYP19A1"
"862","Estradiol","CYP19A1"
"863","Hydrogen Ion","HSD17B1"
"864","Estrone","HSD17B1"
"865","NADPH","HSD17B1"
"866","NADP","HSD17B1"
"867","Estradiol","HSD17B1"
"868","Estradiol","HSD17B11"
"869","NADP","HSD17B11"
"870","NADPH","HSD17B11"
"871","Estrone","HSD17B11"
"872","Hydrogen Ion","HSD17B11"
"873","Estradiol","AKR1B15"
"874","NADP","AKR1B15"
"875","NADPH","AKR1B15"
"876","Estrone","AKR1B15"
"877","Hydrogen Ion","AKR1B15"
"878","NADP","HSD17B14"
"879","Hydrogen Ion","HSD17B14"
"880","Estrone","HSD17B14"
"881","NADPH","HSD17B14"
"882","NADP","HSD17B2"
"883","Hydrogen Ion","HSD17B2"
"884","Estrone","HSD17B2"
"885","NADPH","HSD17B2"
"886","Guanosine diphosphate","FFAR1"
"887","Guanosine triphosphate","FFAR1"
"888","NADPH","CYP2J2"
"889","Hydrogen Ion","CYP2J2"
"890","Oxygen","CYP2J2"
"891","NADP","CYP2J2"
"892","Water","CYP2J2"
"893","Dodecanoic acid","CYP4A11"
"894","Oxygen","CYP4A11"
"895","Hydrogen Ion","CYP4A11"
"896","NADPH","CYP4A11"
"897","NADP","CYP4A11"
"898","12-Hydroxydodecanoic acid","CYP4A11"
"899","Water","CYP4A11"
"900","Oxygen","CYP4B1"
"901","NADPH","CYP4B1"
"902","Hydrogen Ion","CYP4B1"
"903","Water","CYP4B1"
"904","NADP","CYP4B1"
"905","Hydrogen Ion","CYP4F12"
"906","Oxygen","CYP4F12"
"907","NADPH","CYP4F12"
"908","Water","CYP4F12"
"909","NADP","CYP4F12"
"910","Uridine triphosphate","UGP2"
"911","Glucose 1-phosphate","UGP2"
"912","Pyrophosphate","UGP2"
"913","Uridine diphosphate glucose","UGP2"
"914","NAD","UGDH"
"915","Uridine diphosphate glucose","UGDH"
"916","Water","UGDH"
"917","Hydrogen Ion","UGDH"
"918","NADH","UGDH"
"919","Uridine diphosphate glucuronic acid","UGDH"
"920","Uridine diphosphate glucuronic acid","SLC35D1"
"921","17a-Hydroxypregnenolone","HSD3B1"
"922","17a-Hydroxypregnenolone","HSD3B2"
"923","17-Hydroxyprogesterone","HSD3B1"
"924","17-Hydroxyprogesterone","HSD3B2"
"925","17-Hydroxyprogesterone","CYP21A2"
"926","Cortexolone","CYP21A2"
"927","NADP","HSD11B1"
"928","NADPH","HSD11B1"
"929","Hydrogen Ion","HSD11B1"
"930","Cortisone","HSD11B1"
"931","NADP","HSD11B2"
"932","NADPH","HSD11B2"
"933","Hydrogen Ion","HSD11B2"
"934","Cortisone","HSD11B2"
"935","Adenosine triphosphate","OPLAH"
"936","Water","OPLAH"
"937","Phosphate","OPLAH"
"938","L-Glutamic acid","OPLAH"
"939","ADP","OPLAH"
"940","L-Cysteine","GCLC"
"941","Adenosine triphosphate","GCLC"
"942","L-Glutamic acid","GCLC"
"943","ADP","GCLC"
"944","Phosphate","GCLC"
"945","L-Cysteine","GCLM"
"946","Adenosine triphosphate","GCLM"
"947","L-Glutamic acid","GCLM"
"948","ADP","GCLM"
"949","Phosphate","GCLM"
"950","L-Cysteine","GGCT"
"951","Adenosine triphosphate","GSS"
"952","Glycine","GSS"
"953","ADP","GSS"
"954","Glutathione","GSS"
"955","Phosphate","GSS"
"956","Glutathione","GGT1"
"957","Water","GGT1"
"958","L-Glutamic acid","GGT1"
"959","Water","CNDP2"
"960","Glycine","CNDP2"
"961","L-Cysteine","CNDP2"
"962","Glutathione","CHAC1"
"963","Glutathione","CHAC2"
"964","Water","ENPP6"
"965","Water","GDE1"
"966","Glycerol 3-phosphate","GDE1"
"967","myo-Inositol","GDE1"
"968","Water","GDPD1"
"969","Carboxylate","GDPD1"
"970","Water","GDPD3"
"971","Carboxylate","GDPD3"
"972","Water","PNPLA6"
"973","Carboxylate","PNPLA6"
"974","Water","PNPLA7"
"975","Carboxylate","PNPLA7"
"976","Water","GDPD5"
"977","Glycerol 3-phosphate","GDPD5"
"978","Uridine 5'-monophosphate","SLC35D2"
"979","Uridine diphosphate glucose","SLC35D2"
"980","Uridine diphosphate glucuronic acid","EXT1"
"981","Uridine diphosphate glucuronic acid","EXT2"
"982","Water","NDST1"
"983","Acetic acid","NDST1"
"984","Water","NDST2"
"985","Acetic acid","NDST2"
"986","Phosphoadenosine phosphosulfate","NDST1"
"987","Adenosine 3'_5'-diphosphate","NDST1"
"988","Phosphoadenosine phosphosulfate","NDST2"
"989","Adenosine 3'_5'-diphosphate","NDST2"
"990","Phosphoadenosine phosphosulfate","HS2ST1"
"991","Adenosine 3'_5'-diphosphate","HS2ST1"
"992","Phosphoadenosine phosphosulfate","HS3ST2"
"993","Adenosine 3'_5'-diphosphate","HS3ST2"
"994","Phosphoadenosine phosphosulfate","HS3ST3A1"
"995","Adenosine 3'_5'-diphosphate","HS3ST3A1"
"996","Phosphoadenosine phosphosulfate","HS3ST3B1"
"997","Adenosine 3'_5'-diphosphate","HS3ST3B1"
"998","Phosphoadenosine phosphosulfate","HS3ST5"
"999","Adenosine 3'_5'-diphosphate","HS3ST5"
"1000","Phosphoadenosine phosphosulfate","HS3ST6"
